Method,Polyp,,,,,Fundus Vascular,,,,,Cervical Cancer,,,,
,MaxGap,Dice,MaxGap Std,Dice Std,P-value,MaxGap,Dice,MaxGap Std,Dice Std,P-value,MaxGap,Dice,MaxGap Std,Dice Std,P-value
FedAvg,0.006956652,0.874189201,0.005866585,0.002005178,0.000101287,0.12790634,0.65615208,0.00447983,0.00295176,0.206769393,0.01143307,0.79531533,0.00190971,0.00210438,0.002607285
FedProx,0.004668768,0.882587838,0.001732065,0.002269046,0.039467517,0.121613,0.64697785,0.00831489,0.00440899,0.004752673,0.01158676,0.80275722,0.00403354,0.0035574,0.569784432
SCAFFOLD,0.005684429,0.873892529,0.003037394,0.001758797,6.74E-05,0.11651006,0.65554746,0.00790102,0.00248099,0.141658301,0.731864901,0.731864901,0.004001499,0.004001499,3.90E-09
FedNova,0.005094193,0.878249236,0.001728645,0.0043389,0.009392201,0.12098892,0.65142241,0.00685829,0.00294214,0.018895311,0.01294691,0.80109433,0.00639559,0.00294833,0.210400512
FairMixup,0.007593931,0.874941042,0.003487115,0.006751247,0.010391998,0.11008911,0.64493508,0.00786927,0.00528489,0.003395131,0.01014702,0.80180256,0.00498241,0.00426382,0.404456918
FairFed,0.005401904,0.882721521,0.004499898,0.003130624,0.070869336,0.10902256,0.65697224,0.0039573,0.00253887,0.287555519,0.01186082,0.7980198,0.00576527,0.00368056,0.041379406
FlexFair,0.004337509,0.88730833,0.003507305,0.003099865,,0.10926501,0.66032382,0.00571758,0.00530782,,0.00690417,0.80425329,0.00354705,0.00358253,