Method,Age DP,,,,,Age EO,,,,,Gender DP,,,,,Gender EO,,,,
,DP,Accuracy,DP Std,Accuracy Std,P-value,EO,Accuracy,EO Std,Accuracy Std,P-value,DP,Accuracy,DP Std,Accuracy Std,P-value,EO,Accuracy,EO Std,Accuracy Std,P-value
FedAvg,0.130164094,0.815754002,0.00361178,0.001723443,0.000007224,0.038582234,0.806360573,0.002178292,0.002619089,0.000006357,0.016268625,0.788668913,0.001471483,0.005228345,6.309E-07,0.02230149,0.78871104,0.00160646,0.00521781,9.859E-07
FedProx,0.130377759,0.815796125,0.003571037,0.001853412,2.77018E-05,0.038514928,0.806276327,0.002157124,0.002773089,0.000007393,0.013596249,0.789090143,0.001323202,0.003848207,1.077E-07,0.03947979,0.82518955,0.00638425,0.00049841,0.036684535
SCAFFOLD,0.129281234,0.814195451,0.003353578,0.002970792,7.14919E-05,0.040285664,0.804844145,0.003500386,0.002317148,2.6646E-06,0.015912535,0.793218197,0.002174834,0.003038701,7.32E-08,0.02203993,0.7932182,0.00315984,0.0030387,9.93E-08
FedNova,0.13004004,0.815711879,0.003596938,0.00175709,2.24133E-05,0.038574615,0.806276327,0.002214741,0.002628556,6.2402E-06,0.01626402,0.788668913,0.001477084,0.005228345,6.309E-07,0.0222779,0.78866891,0.00160459,0.00522834,0.000000824
FairMixup,0.143411717,0.821819714,0.004064165,0.004351124,0.036958085,0.056022298,0.824262848,0.00899097,0.003505585,0.186010409,0.019629666,0.82767481,0.00183661,0.002570539,0.426049428,0.03986976,0.82767481,0.0046371,0.00257054,0.631056679
FairFed,0.128710426,0.815543387,0.004569405,0.000954994,5.9135E-06,0.040642565,0.807834878,0.002850011,0.000772127,1.8756E-06,0.016262514,0.788584667,0.001467349,0.005363699,7.313E-07,0.02228744,0.78871104,0.00161057,0.00527699,8.791E-07
FlexFair,0.124289508,0.827885425,0.003331815,0.002149512,,0.035828832,0.82767481,0.001523868,0.003156134,,0.011935826,0.829149115,0.001931413,0.002399163,,0.02111836,0.82860152,0.00366181,0.0026787,